User,你好,2025-02-18_21-16-33
AI,你好👋！我是人工智能助手，很高兴见到你，有什么可以帮助你的吗？,2025-02-18_21-16-33
User,你好啊,2025-02-18_21-17-52
AI,你好👋！很高兴见到你，有什么可以帮助你的吗？,2025-02-18_21-17-52
User,你好啊,2025-02-19_15-43-38
AI,你好👋！很高兴见到你，有什么可以帮助你的吗？,2025-02-19_15-43-38
User,关于csv你有什么理解吗,2025-02-19_15-44-06
AI,"CSV（Comma-Separated Values，逗号分隔值）是一种简单的文件格式，用于存储表格数据，由逗号分隔每个字段。以下是对CSV的一些基本理解：

1. **数据存储格式**：CSV文件是一种纯文本文件，它将数据以表格的形式存储，其中每一行代表一个数据记录，而每一列代表一个字段。

2. **文件扩展名**：CSV文件的扩展名通常是`.csv`。

3. **数据分隔符**：默认情况下，CSV文件使用逗号（`,`）作为字段分隔符，但也可以使用其他字符，如分号（`;`）或制表符（`\t`）。

4. **纯文本格式**：由于CSV文件是纯文本格式，因此它可以在任何文本编辑器中打开，也可以被大多数编程语言处理。

5. **跨平台兼容性**：CSV文件格式在不同的操作系统和软件之间具有很好的兼容性。

6. **数据结构**：CSV文件通常包含以下结构：
   - **标题行**：通常包含列名，用于标识每列数据的意义。
   - **数据行**：包含实际的数据，每行代表一个记录。

7. **应用场景**：CSV文件常用于数据交换，例如从数据库导出数据、数据导入导出、以及不同应用程序之间的数据传输等。

8. **数据处理**：CSV文件可以通过各种编程语言和工具进行读取、处理和写入，例如Python、Java、Excel等。

9. **数据验证**：由于CSV文件是纯文本格式，因此在进行数据处理之前，可能需要进行数据验证，以确保数据的准确性和完整性。

10. **安全性**：CSV文件通常不包含任何加密，因此可能存在数据泄露的风险。在处理敏感数据时，需要采取适当的安全措施。

总之，CSV是一种简单、灵活且广泛使用的文件格式，适用于存储和交换表格数据。",2025-02-19_15-44-06
User,"你好你叫什么名字
",2025-02-19_21-52-31
AI,你好，我是一个人工智能助手，你可以叫我 ChatGLM。很高兴认识你！有什么我可以帮助你的吗？,2025-02-19_21-52-31
User,"你好你叫什么名字

",2025-02-19_21-52-42
AI,你好，我是一个人工智能助手，你可以叫我 ChatGLM。很高兴见到你！有什么我可以帮助你的吗？,2025-02-19_21-52-42
User,"你好
",2025-02-19_21-53-53
AI,你好👋！很高兴见到你，有什么可以帮助你的吗？,2025-02-19_21-53-53
User,"你好
",2025-02-19_21-54-07
AI,你好👋！很高兴见到你，有什么可以帮助你的吗？,2025-02-19_21-54-07
User,"
你好
",2025-02-19_21-54-17
AI,你好👋！很高兴见到你，有什么可以帮助你的吗？,2025-02-19_21-54-17
User,"你好，你叫什么名字
",2025-02-19_21-57-59
AI,你好，我是一个人工智能助手，你可以叫我ChatGLM。有什么可以帮助你的吗？,2025-02-19_21-57-59
User,"你好
",2025-02-19_21-59-59
AI,你好👋！我是人工智能助手，很高兴见到你，有什么可以帮助你的吗？,2025-02-19_21-59-59
User,"你好你是什么模型
",2025-02-19_22-03-34
AI,你好！我是Qwen，由阿里云开发的大型语言模型。我可以帮助回答问题、提供信息、brainstorming等。很高兴为你服务！,2025-02-19_22-03-34
